metric,label,baseline_mean,baseline_std,coordinated_mean,coordinated_std,improvement_percent
mean_corridor_queue,Average Corridor Queue (veh),20.005666666666666,0.3130730301738281,10.669666666666666,0.8215182421725169,46.666777746305215
max_corridor_queue,Max Corridor Queue (veh),58.2,0.8366600265340756,30.8,4.08656334834051,47.07903780068728
mean_corridor_travel_time_s,Corridor Travel Time (s),91.04509803921569,1.2279896080621575,57.500990099009904,3.869220283391944,36.84339812095912
total_corridor_waiting_time_s,Total Waiting Time (s),779.4283333333333,16.862273307923548,296.88466666666665,36.749957603906,61.90994681999842
mean_corridor_speed_kmh,Average Speed (km/h),27.8536135582098,0.3493105620942096,36.40136731358928,0.5500188525478339,30.688132214931397
total_corridor_trips_completed,Completed Corridor Trips,102,0.0,101,0.0,-0.9803921568627451
total_co2_kg,Total CO2 Emissions (kg),53.718303213486465,0.22501339104438745,42.668304581447536,0.7583060101341685,20.57026743403304
total_fuel_liters,Total Fuel Consumed (L),17391.646773261356,73.06148361711364,13812.745750107413,245.62584645668693,20.57827570794673
emergency_traversal_duration_s,Ambulance Traversal Time (s),41.0,5.958187643906492,33.6,5.639148871948674,18.048780487804876
